id,类型,名称,英文名,国家,地区,城市,院系,身份/角色,研究方向,主页,荣誉,成立年份,融资阶段,主营业务,现状,备注,来源,不确定项
uni_caltech,university,加州理工学院,California Institute of Technology,美国,北美,Pasadena,,,量子计算,,,,,,,,https://datascience.uchicago.edu,
uni_harvard,university,哈佛大学,Harvard University,美国,北美,"Cambridge, MA",,,量子计算;量子传感与测量,,,,,,,,https://news.harvard.edu,
uni_mit,university,麻省理工学院,Massachusetts Institute of Technology,美国,北美,"Cambridge, MA",,,量子计算;量子软件与算法,,,,,,,,https://news.mit.edu,
uni_uchicago,university,芝加哥大学,University of Chicago,美国,北美,Chicago,,,量子计算;量子传感与测量,,,,,,,,https://quantumzeitgeist.com,
uni_yale,university,耶鲁大学,Yale University,美国,北美,New Haven,,,量子计算,,,,,,,,https://thequantuminsider.com,
uni_duke,university,杜克大学,Duke University,美国,北美,"Durham, NC",,,量子计算;量子通信,,,,,,,,https://www.ionq.com ; https://otc.duke.edu,
uni_umaryland,university,马里兰大学(帕克),"University of Maryland, College Park",美国,北美,College Park,,,量子计算;量子通信,,,,,,,,https://www.ionq.com ; https://phys.org,
uni_ucsb,university,加州大学圣塔芭芭拉分校,UC Santa Barbara,美国,北美,Santa Barbara,,,量子计算,,,,,,,,https://www.nobelprize.org,
uni_berkeley,university,加州大学伯克利分校,UC Berkeley,美国,北美,Berkeley,,,量子计算;量子传感与测量,,,,,,,,https://www.nobelprize.org,
uni_stanford,university,斯坦福大学,Stanford University,美国,北美,Stanford,,,量子计算;量子通信,,,,,,,,https://nqp.stanford.edu,
uni_princeton,university,普林斯顿大学,Princeton University,美国,北美,Princeton,,,量子计算;量子传感与测量,,,,,,,,https://ece.princeton.edu,
uni_uwmadison,university,威斯康星大学麦迪逊分校,University of Wisconsin–Madison,美国,北美,Madison,,,量子计算;量子传感与测量,,,,,,,,https://www.physics.wisc.edu,
uni_ucla,university,加州大学洛杉矶分校,UCLA,美国,北美,Los Angeles,,,量子计算;量子软件与算法,,,,,,,,https://www.sec.gov,
uni_waterloo,university,滑铁卢大学,University of Waterloo,加拿大,北美,Waterloo,,,量子计算;量子通信,,,,,,,设量子计算研究院 IQC(2002年创立),https://uwaterloo.ca,
uni_sherbrooke,university,舍布鲁克大学,Université de Sherbrooke,加拿大,北美,Sherbrooke,,,量子计算,,,,,,,设 Institut quantique,https://www.fusacq.com,
uni_ubc,university,英属哥伦比亚大学,University of British Columbia,加拿大,北美,Vancouver,,,量子计算,,,,,,,,https://tracxn.com,
uni_utoronto,university,多伦多大学,University of Toronto,加拿大,北美,Toronto,,,量子软件与算法;量子计算,,,,,,,,https://markets.businessinsider.com,
uni_institutoptique,university,巴黎高等光学研究院(含CNRS联合实验室),Institut d'Optique Graduate School,法国,欧洲,Palaiseau,,,量子计算;量子传感与测量,,,,,,,,https://www.prnewswire.com,
uni_c2n,university,法国国家科学研究中心 C2N(巴黎-萨克雷),"CNRS – C2N, Université Paris-Saclay",法国,欧洲,Palaiseau,,,量子计算;量子通信,,,,,,,CNRS纳米科学与纳米技术中心,https://arxiv.org,
uni_ens,university,巴黎高等师范学院(LPENS),École Normale Supérieure – LPENS,法国,欧洲,Paris,,,量子计算,,,,,,,,https://alice-bob.com/newsroom/alice-bob-100m-series-b-fundraising-press-release/,
uni_innsbruck,university,因斯布鲁克大学,University of Innsbruck,奥地利,欧洲,Innsbruck,,,量子计算;量子通信,,,,,,,,https://www.aqt.eu,
uni_mpq,university,马克斯·普朗克量子光学研究所,Max Planck Institute of Quantum Optics (MPQ),德国,欧洲,Garching,,,量子计算;量子软件与算法,,,,,,,,https://www.mpq.mpg.de,
uni_lmu,university,慕尼黑大学,LMU Munich,德国,欧洲,Munich,,,量子计算,,,,,,,,https://www.mpq.mpg.de/7265117/09-wolf-prize-for-immanuel-bloch,
uni_eth,university,苏黎世联邦理工学院,ETH Zurich,瑞士,欧洲,Zurich,,,量子计算;量子传感与测量,,,,,,,,https://qudev.phys.ethz.ch ; https://www.insidequantumtechnology.com,
uni_tudelft,university,代尔夫特理工大学,TU Delft (QuTech),荷兰,欧洲,Delft,,,量子计算;量子通信,,,,,,,与荷兰应用科学组织TNO共建QuTech,https://inspirehep.net,
uni_julich,university,于利希研究中心(JARA量子信息研究所),Forschungszentrum Jülich – JARA,德国,欧洲,Jülich,,,量子计算,,,,,,,,https://arxiv.org,
uni_oxford,university,牛津大学,University of Oxford,英国,欧洲,Oxford,,,量子计算;量子通信,,,,,,,,https://www.einpresswire.com,
uni_ucl,university,伦敦大学学院,University College London (UCL),英国,欧洲,London,,,量子计算,,,,,,,,https://www.einpresswire.com,
uni_bristol,university,布里斯托大学,University of Bristol,英国,欧洲,Bristol,,,量子计算;量子通信,,,,,,,,https://www.quantiki.org,
uni_imperial,university,帝国理工学院,Imperial College London,英国,欧洲,London,,,量子计算;量子通信,,,,,,,,https://tech.eu,
uni_geneva,university,日内瓦大学(应用物理组GAP),University of Geneva – GAP,瑞士,欧洲,Geneva,,,量子通信;量子计算,,,,,,,,https://iiitl.ac.in,
uni_copenhagen,university,哥本哈根大学(尼尔斯·玻尔研究所),"Niels Bohr Institute, Univ. of Copenhagen",丹麦,欧洲,Copenhagen,,,量子计算;量子通信,,,,,,,,https://sparrowquantum.com,
uni_aalto,university,阿尔托大学,Aalto University,芬兰,欧洲,Espoo,,,量子计算,,,,,,,与VTT技术研究中心共同孵化IQM,https://meetiqm.com,"IQM官网链接为通行地址,本次检索未逐页核对"
uni_uab,university,巴塞罗那自治大学(联合BSC/IFAE),UAB / BSC / IFAE (巴塞罗那),西班牙,欧洲,Barcelona,,,量子计算,,,,,,,,https://link.springer.com,
uni_vienna,university,维也纳大学,University of Vienna,奥地利,欧洲,Vienna,,,量子通信;量子计算,,,,,,,,https://www.nobelprize.org,
uni_ustc,university,中国科学技术大学,University of Science and Technology of China,中国,东亚,合肥,,,量子计算;量子通信;量子传感与测量,,,,,,,,https://news.ustc.edu.cn/zybxgd/info/1005/1205.htm,
uni_tsinghua,university,清华大学,Tsinghua University,中国,东亚,北京,,,量子计算,,,,,,,,https://news.qq.com,
uni_sjtu,university,上海交通大学,Shanghai Jiao Tong University,中国,东亚,上海,,,量子计算;量子通信,,,,,,,,https://finance.sina.com.cn,
uni_zhejiang,university,浙江大学,Zhejiang University,中国,东亚,杭州,,,量子计算;量子传感与测量,,,,,,,,https://www.163.com,
uni_riken,university,理化学研究所(量子计算研究中心RQC),RIKEN – Center for Quantum Computing,日本,东亚,埼玉和光,,,量子计算,,,,,,,,https://rqc.riken.jp,
uni_utokyo,university,东京大学,University of Tokyo,日本,东亚,东京,,,量子计算;量子通信,,,,,,,,https://alice.t.u-tokyo.ac.jp,
uni_nus,university,新加坡国立大学(量子技术中心CQT),National University of Singapore – CQT,新加坡,东南亚,新加坡,,,量子计算;量子通信,,,,,,,,https://www.cqt.sg ; https://cde.nus.edu.sg,
uni_hkust,university,香港科技大学,Hong Kong University of Science and Technology,中国香港,东亚,香港,,,量子计算,,,,,,,,http://c.zhineng.com.cn,
uni_unsw,university,新南威尔士大学,UNSW Sydney,澳大利亚,大洋洲,悉尼,,,量子计算,,,,,,,,https://www.theaustralian.com.au,
uni_usydney,university,悉尼大学,University of Sydney,澳大利亚,大洋洲,悉尼,,,量子计算;量子传感与测量,,,,,,,,https://www.smartcompany.com.au,
uni_anu,university,澳大利亚国立大学,Australian National University,澳大利亚,大洋洲,堪培拉,,,量子计算;量子传感与测量,,,,,,,,https://www.crunchbase.com,
uni_cambridge,university,剑桥大学,University of Cambridge,英国,欧洲,Cambridge,,,量子计算,,,,,,,霍金曾任职于此;Quantinuum前身的剑桥量子与之同城渊源,https://pic-pac.cap.ca,
sch_preskill,scholar,约翰·普雷斯基尔,John Preskill,美国,北美,,物理系,,量子计算;量子软件与算法,,理查德·费曼理论物理讲席教授;IQIM所长;提出NISQ概念,,,,,,https://datascience.uchicago.edu ; https://quantumfrontiers.com,
sch_lukin,scholar,米哈伊尔·卢金,Mikhail Lukin,美国,北美,,物理系,,量子计算;量子传感与测量,https://lukin.physics.harvard.edu,,,,,,,https://lukin.physics.harvard.edu ; https://news.harvard.edu,
sch_greiner,scholar,马库斯·格雷纳,Markus Greiner,美国,北美,,物理系,,量子计算;量子传感与测量,,,,,,,,https://news.harvard.edu ; https://finance.yahoo.com,
sch_vuletic,scholar,弗拉丹·武莱蒂奇,Vladan Vuletić,美国,北美,,物理系,,量子计算,,,,,,,,https://finance.yahoo.com,
sch_shor,scholar,彼得·秀尔,Peter Shor,美国,北美,,数学系,,量子计算;量子软件与算法,,Morss应用数学讲席教授;1994年提出秀尔算法,,,,,,https://news.mit.edu ; https://math.mit.edu,
sch_chuang,scholar,艾萨克·庄,Isaac Chuang,美国,北美,,电气工程与计算机科学系/物理系,,量子计算;量子软件与算法,,,,,,,,https://books.google.co.il/books?id=-s4DEy7o-a0C ; https://news.mit.edu,
sch_awschalom,scholar,大卫·奥沙洛姆,David Awschalom,美国,北美,,普利兹克分子工程学院,,量子传感与测量;量子材料与器件,,Liew家族讲席教授;芝加哥量子交换中心主任,,,,,,https://quantumzeitgeist.com,
sch_schoelkopf,scholar,罗伯特·舍尔科普夫,Robert Schoelkopf,美国,北美,,应用物理系,,量子计算,,Sterling讲席教授;耶鲁量子研究所所长,,,,,超导量子比特电路QED开创者之一,https://scholar.google.com/citations?user=T9a08xsAAAAJ ; https://thequantuminsider.com,
sch_devoret,scholar,米歇尔·德沃雷,Michel Devoret,美国,北美,,应用物理系,,量子计算,,诺贝尔物理学奖(2025);耶鲁荣休教授,,,,,现任Google Quantum AI量子硬件首席科学家(2025-),https://www.nobelprize.org ; https://e-discoveryteam.com,
sch_monroe,scholar,克里斯·门罗,Chris Monroe,美国,北美,,电子与计算机工程系/物理系,,量子计算,https://iontrap.duke.edu,,,,,,曾长期任职马里兰大学JQI;IonQ首席科学家至2023,https://www.ionq.com ; https://en.wikipedia.org/wiki/Christopher_Monroe ; https://iontrap.duke.edu,
sch_kim,scholar,金俊相,Jungsang Kim,美国,北美,,电子与计算机工程系,,量子计算;量子通信,,,,,,,,https://www.ionq.com ; https://otc.duke.edu,
sch_martinis,scholar,约翰·马蒂尼斯,John Martinis,美国,北美,,物理系,,量子计算,,诺贝尔物理学奖(2025);曾任Google量子硬件团队负责人,,,,,,https://www.nobelprize.org ; https://www.noozhawk.com,
sch_saffman,scholar,马克·萨夫曼,Mark Saffman,美国,北美,,物理系,,量子计算,,Johannes Rydberg讲席教授;2026年APS Ramsey奖,,,,,,https://www.physics.wisc.edu,
sch_walker,scholar,撒迪厄斯·沃克,Thad Walker,美国,北美,,物理系,,量子计算;量子传感与测量,,,,,,,,https://www.physics.wisc.edu,
sch_narang,scholar,普里内哈·纳兰,Prineha Narang,美国,北美,,化学系,,量子计算;量子通信;量子软件与算法,,Howard Reiss讲席教授;美国科学特使,,,,,曾任哈佛大学工程与应用科学学院助理教授,https://www.sec.gov,
sch_deleon,scholar,娜塔莉·德莱昂,Nathalie de Leon,美国,北美,,电气与计算机工程系,,量子传感与测量;量子计算,,,,,,,,https://ece.princeton.edu,"有报道称其转任斯坦福大学,本次未核实"
sch_thompson,scholar,杰夫·汤普森,Jeff Thompson,美国,北美,,电气与计算机工程系,,量子计算;量子传感与测量,,,,,,,,https://ece.princeton.edu,
sch_vuckovic,scholar,耶莱娜·武奇科维奇,Jelena Vučković,美国,北美,,电气工程系,,量子计算;量子通信;量子材料与器件,https://nqp.stanford.edu,Jensen Huang全球领导力讲席教授,,,,,,https://nqp.stanford.edu,
sch_hafezi,scholar,穆罕默德·哈菲兹,Mohammad Hafezi,美国,北美,,电气与计算机工程系/物理系,,量子计算;量子通信;量子传感与测量,https://hafezi.jqi.umd.edu,,,,,,,https://hafezi.jqi.umd.edu ; https://science.gmu.edu,"有迹象显示其转任乔治梅森大学,本次未核实"
sch_linke,scholar,诺贝特·林克,Norbert Linke,美国,北美,,物理系,,量子计算,https://iontrap.umd.edu,,,,,,曾任门罗组博士后/实验室负责人,https://phys.org ; https://iontrap.umd.edu,
sch_laflamme,scholar,雷蒙德·拉弗拉姆,Raymond Laflamme,加拿大,北美,,应用数学系,,量子计算;量子软件与算法,,IQC创始所长(任职15年);量子纠错5比特码共同提出者;1960-2025,,,,,2025年逝世,https://pic-pac.cap.ca ; https://cacr.uwaterloo.ca,
sch_mosca,scholar,米凯莱·莫斯卡,Michele Mosca,加拿大,北美,,数学系,,量子计算;量子通信,,,,,,,IQC联合创始人;evolutionQ与softwareQ联合创始人,https://uwaterloo.ca,
sch_aspuru,scholar,阿兰·阿斯普鲁-古齐克,Alán Aspuru-Guzik,加拿大,北美,,化学系,,量子软件与算法;量子计算,,,,,,,创办Zapata时任哈佛大学化学与化学生物学教授,https://markets.businessinsider.com,
sch_hawking,scholar,斯蒂芬·霍金,Stephen Hawking,英国,欧洲,,应用数学与理论物理系,,量子软件与算法,,剑桥卢卡斯数学教授;1942-2018,,,,,拉弗拉姆的博士导师;此处仅作师承网络节点,https://pic-pac.cap.ca,
sch_aspect,scholar,阿兰·阿斯佩,Alain Aspect,法国,欧洲,,(与CNRS联合实验室),,量子通信;量子计算,,诺贝尔物理学奖(2022),,,,,,https://www.prnewswire.com ; https://www.nobelprize.org,
sch_browaeys,scholar,安托万·布罗韦,Antoine Browaeys,法国,欧洲,,,,量子计算;量子传感与测量,,,,,,,,https://www.prnewswire.com,
sch_lahaye,scholar,蒂埃里·拉哈耶,Thierry Lahaye,法国,欧洲,,,,量子计算,,,,,,,,https://www.prnewswire.com,
sch_senellart,scholar,帕斯卡莱·瑟内拉尔,Pascale Senellart,法国,欧洲,,,,量子计算;量子通信,,,,,,,CNRS研究主任;半导体量子点单光子源开创者之一,https://arxiv.org,
sch_lanco,scholar,洛伊克·朗科,Loïc Lanco,法国,欧洲,,,,量子计算,,,,,,,,https://arxiv.org,
sch_leghtas,scholar,扎基·勒格塔斯,Zaki Leghtas,法国,欧洲,,物理实验室(LPENS),,量子计算,,,,,,,,https://alice-bob.com/newsroom/alice-bob-100m-series-b-fundraising-press-release/,
sch_zoller,scholar,彼得·措勒,Peter Zoller,奥地利,欧洲,,理论物理,,量子计算;量子通信,,,,,,,,https://www.aqt.eu,
sch_blatt,scholar,莱纳·布拉特,Rainer Blatt,奥地利,欧洲,,实验物理,,量子计算,,,,,,,,https://www.aqt.eu,
sch_monz,scholar,托马斯·蒙茨,Thomas Monz,奥地利,欧洲,,实验物理,,量子计算,,,,,,,,https://www.aqt.eu,
sch_cirac,scholar,伊格纳西奥·西拉克,Ignacio Cirac,德国,欧洲,,理论部,,量子计算;量子软件与算法,,,,,,,,https://www.mpq.mpg.de,
sch_bloch,scholar,伊曼纽尔·布洛赫,Immanuel Bloch,德国,欧洲,,量子多体系统部,,量子计算;量子材料与器件,,沃尔夫奖(2024);MPQ科学所长兼LMU教授,,,,,,https://www.mpq.mpg.de/7265117/09-wolf-prize-for-immanuel-bloch ; https://en.wikipedia.org/wiki/Immanuel_Bloch,
sch_wallraff,scholar,安德烈亚斯·瓦尔夫拉夫,Andreas Wallraff,瑞士,欧洲,,物理系,,量子计算,https://qudev.phys.ethz.ch,,,,,,ETH量子中心主任;ETH-PSI量子计算中心共同负责人,https://qudev.phys.ethz.ch ; https://www.insidequantumtechnology.com,
sch_home,scholar,乔纳森·霍姆,Jonathan Home,瑞士,欧洲,,物理系,,量子计算,,,,,,,,https://www.insidequantumtechnology.com,
sch_hanson,scholar,罗纳德·汉森,Ronald Hanson,荷兰,欧洲,,(QuTech),,量子通信;量子传感与测量,,,,,,,,https://inspirehep.net,
sch_vandersypen,scholar,利文·范德西彭,Lieven Vandersypen,荷兰,欧洲,,(QuTech),,量子计算;量子材料与器件,,,,,,,,https://inspirehep.net,
sch_wehner,scholar,斯蒂芬妮·韦纳,Stephanie Wehner,荷兰,欧洲,,(QuTech),,量子通信;量子软件与算法,,,,,,,2018年Science量子互联网路线图共同作者,https://inspirehep.net,
sch_terhal,scholar,芭芭拉·特哈尔,Barbara Terhal,荷兰,欧洲,,(QuTech/DIAM),,量子计算;量子软件与算法,,,,,,,兼任于利希研究中心JARA量子信息研究所教授,https://arxiv.org,
sch_morton,scholar,约翰·莫顿,John Morton,英国,欧洲,,,,量子计算,,,,,,,,https://www.einpresswire.com ; https://www.quantiki.org,
sch_benjamin,scholar,西蒙·本杰明,Simon Benjamin,英国,欧洲,,材料系,,量子计算,,,,,,,,https://www.einpresswire.com,
sch_walmsley,scholar,伊恩·沃姆斯利,Ian Walmsley,英国,欧洲,,物理系,,量子计算;量子通信,,,,,,,创办ORCA时任帝国理工学院教务长兼实验物理讲席教授,https://tech.eu,
sch_cubitt,scholar,托比·丘比特,Toby Cubitt,英国,欧洲,,,,量子软件与算法;量子计算,,,,,,,,https://www.quantiki.org,
sch_montanaro,scholar,阿什利·蒙塔纳罗,Ashley Montanaro,英国,欧洲,,,,量子软件与算法,,,,,,,,https://www.quantiki.org,
sch_brierley,scholar,史蒂夫·布里尔利,Steve Brierley,英国,欧洲,,,,量子软件与算法,,,,,,,Riverlane创始人兼CEO,https://cryptorank.io,其剑桥学术履历细节本次未核实
sch_gisin,scholar,尼古拉·吉桑,Nicolas Gisin,瑞士,欧洲,,应用物理组(GAP),,量子通信,,,,,,,量子密码学先驱;ID Quantique创始人,https://iiitl.ac.in,
sch_lodahl,scholar,彼得·洛达尔,Peter Lodahl,丹麦,欧洲,,尼尔斯·玻尔研究所,,量子计算;量子通信,,,,,,,,https://sparrowquantum.com,
sch_mottonen,scholar,米科·莫托宁,Mikko Möttönen,芬兰,欧洲,,(QCD组),,量子计算,,,,,,,,https://meetiqm.com,"IQM官网链接为通行地址,本次检索未逐页核对"
sch_ekert,scholar,阿图尔·埃克特,Artur Ekert,英国,欧洲,,物理系,,量子通信,,,,,,,CQT创始所长;兼NUS李光前百年讲席教授;E91协议提出者,https://www.cqt.sg,
sch_latorre,scholar,何塞·伊格纳西奥·拉托雷,José Ignacio Latorre,西班牙,欧洲,,,,量子计算,,,,,,,巴塞罗那量子生态关键人物,https://link.springer.com,"现职有NUS与阿布扎比TII等报道,本次未逐一核实;与Qilimanjaro的创始人关系未直接确认"
sch_wunderlich,scholar,克里斯托夫·温德利希,Christof Wunderlich,德国,欧洲,,物理系,,量子计算,,,,,,,MAGIC离子阱方案提出者,https://vestbee.com,
uni_siegen,university,锡根大学,University of Siegen,德国,欧洲,Siegen,,,量子计算,,,,,,,,https://vestbee.com,
sch_forn_diaz,scholar,波尔·福恩-迪亚斯,Pol Forn-Díaz,西班牙,欧洲,,IFAE(巴塞罗那高能物理研究所),,量子计算,,,,,,,,https://link.springer.com,
sch_garcia_saez,scholar,阿图尔·加西亚-萨伊斯,Artur Garcia-Saez,西班牙,欧洲,,BSC(巴塞罗那超级计算中心),,量子计算;量子软件与算法,,,,,,,,https://link.springer.com,
sch_pan,scholar,潘建伟,Jian-Wei Pan,中国,东亚,,物理学院,,量子通信;量子计算;量子传感与测量,,中国科学院院士;中科大常务副校长;中科院量子信息与量子科技创新研究院院长,,,,,墨子号量子卫星首席科学家,https://news.ustc.edu.cn/zybxgd/info/1005/1205.htm,
sch_lu,scholar,陆朝阳,Chaoyang Lu,中国,东亚,,物理学院,,量子计算,,,,,,,九章系列光量子计算核心人物,https://zqb.cyol.com ; https://xcb.ustc.edu.cn,
sch_guo_gc,scholar,郭光灿,Guangcan Guo,中国,东亚,,物理学院,,量子计算;量子通信,,中国科学院院士,,,,,,https://news.mydrivers.com,
sch_guo_gp,scholar,郭国平,Guoping Guo,中国,东亚,,物理学院,,量子计算,,,,,,,,https://news.mydrivers.com,
sch_zhu_xb,scholar,朱晓波,Xiaobo Zhu,中国,东亚,,物理学院,,量子计算,,,,,,,祖冲之号超导量子计算核心成员,https://xcb.ustc.edu.cn,
sch_wang_hh,scholar,王浩华,Haohua Wang,中国,东亚,,物理学院,,量子计算,,,,,,,祖冲之号系列合作者,https://xcb.ustc.edu.cn,
sch_du,scholar,杜江峰,Jiangfeng Du,中国,东亚,,物理学院,,量子传感与测量;量子计算,,中国科学院院士(2015),,,,,曾任中科大副校长、浙江大学校长(2022-12~2025-02);现任教育部副部长(2025-02起),https://www.163.com ; https://ori.hangzhou.com.cn,
sch_duan,scholar,段路明,Luming Duan,中国,东亚,,交叉信息研究院,,量子计算,,中国科学院院士,,,,,,https://news.qq.com,"院系归属据公开报道,本次未在清华官网核对"
sch_jin_xm,scholar,金贤敏,Xianmin Jin,中国,东亚,,(无锡光子芯片研究院CHIPX院长),,量子计算;量子通信,,特聘教授;长江学者,,,,,,https://finance.sina.com.cn,
sch_cui_zb,scholar,曾蓓,Wei Cui,中国香港,东亚,,物理系,,量子计算;量子软件与算法,,,,,,,量旋科技首席科学家,http://c.zhineng.com.cn,
sch_nakamura,scholar,中村泰信,Yasunobu Nakamura,日本,东亚,,(RQC),,量子计算,,,,,,,1999年在NEC实现首个超导量子比特相干操控;RQC所长,https://www.technologyreview.com ; https://rqc.riken.jp,
sch_furusawa,scholar,古泽明,Akira Furusawa,日本,东亚,,工学系应用物理专业,,量子计算,https://alice.t.u-tokyo.ac.jp,,,,,,,https://alice.t.u-tokyo.ac.jp,
sch_fujii,scholar,藤井圭佑,Keisuke Fujii,日本,东亚,,生产技术研究所,,量子软件与算法;量子计算,,,,,,,,https://finance.yahoo.com,
sch_ling,scholar,林水德(Alexander Ling),Alexander Ling,新加坡,东南亚,,物理系/CQT,,量子通信;量子传感与测量,,,,,,,星载量子纠缠光源SPEQS项目负责人,https://phys.org ; https://cde.nus.edu.sg,
sch_simmons,scholar,米歇尔·西蒙斯,Michelle Simmons,澳大利亚,大洋洲,,(CQC2T主任),,量子计算,,2018年澳大利亚年度人物,,,,,,https://www.theaustralian.com.au,
sch_dzurak,scholar,安德鲁·祖拉克,Andrew Dzurak,澳大利亚,大洋洲,,电气工程与通信系,,量子计算;量子材料与器件,,,,,,,2014年硅CMOS量子比特实现者之一,https://feeds.transistor.fm,
sch_biercuk,scholar,迈克尔·比尔库克,Michael J. Biercuk,澳大利亚,大洋洲,,物理学院,,量子计算;量子软件与算法,,,,,,,量子控制实验室负责人,https://www.smartcompany.com.au,
sch_doherty,scholar,马库斯·多尔蒂,Marcus Doherty,澳大利亚,大洋洲,,物理研究院,,量子计算;量子传感与测量,,,,,,,创立Quantum Brilliance时任职于ANU,https://www.crunchbase.com,
stu_rigetti,student,查德·里盖蒂,Chad Rigetti,美国,北美,,,"耶鲁大学博士(师从舍尔科普夫),后任职IBM",量子计算,,,,,,,,https://www.scribd.com,
stu_bluvstein,student,多列夫·布卢夫斯坦,Dolev Bluvstein,美国,北美,,,哈佛大学博士生(卢金组),量子计算,,,,,,,2023年Nature 48逻辑量子比特处理器第一作者,https://www.researchgate.net,
stu_peronnin,student,泰奥·佩罗南,Théau Peronnin,法国,欧洲,,,ENS巴黎(Leghtas课题组)出身,量子计算,,,,,,,,https://alice-bob.com/newsroom/alice-bob-100m-series-b-fundraising-press-release/,具体学位阶段(博士/博后)未直接核实
stu_lescanne,student,拉斐尔·莱斯坎,Raphaël Lescanne,法国,欧洲,,,ENS巴黎(Leghtas课题组)出身,量子计算,,,,,,,,https://alice-bob.com/newsroom/alice-bob-100m-series-b-fundraising-press-release/,具体学位阶段(博士/博后)未直接核实
stu_giesz,student,瓦莱里安·捷斯,Valérian Giesz,法国,欧洲,,,CNRS C2N(Senellart课题组)出身,量子计算,,,,,,,,https://arxiv.org,
stu_goetz,student,扬·格茨,Jan Goetz,芬兰,欧洲,,,阿尔托大学出身(IQM源自其研究),量子计算,,,,,,,,https://meetiqm.com,"IQM官网链接为通行地址,本次检索未逐页核对"
stu_tan,student,陈坤延(Kuan Yen Tan),Kuan Yen Tan,芬兰,欧洲,,,阿尔托大学出身,量子计算,,,,,,,,https://meetiqm.com,"IQM官网链接为通行地址,本次检索未逐页核对"
stu_st_jean,student,菲利普·圣让,Philippe St-Jean,加拿大,北美,,,舍布鲁克大学博士,量子计算,,,,,,,,https://www.fusacq.com,
stu_camlmyre,student,朱利安·卡米朗·勒米尔,Julien Camirand Lemyre,加拿大,北美,,,舍布鲁克大学物理博士生(创业时),量子计算,,,,,,,,https://www.fusacq.com,
co_ionq,company,IonQ,IonQ,美国,北美,"College Park, MD",,,量子计算,,,2015,"上市 (NYSE: IONQ, 2021年SPAC)",离子阱量子计算机与量子网络,运营中,,https://www.ionq.com ; https://otc.duke.edu ; https://mpower.maryland.edu,
co_rigetti,company,Rigetti Computing,Rigetti Computing,美国,北美,"Berkeley, CA",,,量子计算,,,2013,"上市 (NASDAQ: RGTI, 2022年SPAC)",超导量子处理器与云服务,运营中,,https://www.scribd.com,
co_psiquantum,company,PsiQuantum,PsiQuantum,美国,北美,"Palo Alto, CA",,,量子计算,,,2016,"E轮 (2025-09, $10亿, 估值$70亿)",硅光子容错量子计算,运营中,学术创始人: Jeremy O'Brien(前布里斯托教授)、Terry Rudolph(帝国理工)、Mark Thompson(布里斯托)、Pete Shadbolt——人物节点未单列,https://www.psiquantum.com,
co_qci,company,Quantum Circuits Inc.,Quantum Circuits Inc.,美国,北美,"New Haven, CT",,,量子计算,,,2017,"B轮 (2024-05, $2650万;累计$8400万)",双轨超导量子比特与纠错,运营中,,https://thequantuminsider.com,"有报道称Michel Devoret为联合创始人,本次来源较弱"
co_quera,company,QuEra Computing,QuEra Computing,美国,北美,"Boston, MA",,,量子计算,,,2018,"B轮 (2025-02完成$2.3亿, Google/软银;累计约$4.77亿)",中性原子(光镊)量子计算,运营中,,https://finance.yahoo.com,
co_atom,company,Atom Computing,Atom Computing,美国,北美,"Berkeley, CA",,,量子计算,,,2018,累计超$3亿 (2021-11披露),中性原子(锶)量子计算,运营中,创始人Ben Bloom与Jonathan King(物理博士);2026年有报道称美国政府拟入股$20亿,https://www.prnewswire.com,"成立年份据多方报道为2018,本次未见直接来源 ; 美国政府入股报道未核实"
co_infleqtion,company,Infleqtion(原ColdQuanta),Infleqtion (fka ColdQuanta),美国,北美,"Boulder, CO",,,量子计算;量子传感与测量,,,2007,$1亿风投 (2025-06);SPAC合并中(估值$18亿),中性原子量子计算与量子传感/定位,运营中,,https://www.physics.wisc.edu ; https://www.stocktitan.net,
co_aliro,company,Aliro Quantum,Aliro Technologies (Aliro Quantum),美国,北美,"Boston, MA",,,量子通信;量子软件与算法,,,2019,A轮 (2023-10 Leaders Fund领投;累计约$4000万),量子网络组网软件,运营中,,https://www.sec.gov ; https://startupintros.com,
co_zapata,company,Zapata AI,Zapata Computing / Zapata AI,美国,北美,"Boston, MA",,,量子计算,,,2017,曾SPAC上市(ZPTA);2024-10停止运营;2025-09品牌重组,工业生成式AI与量子软件,2024年10月停止运营;2025年9月重组为Zapata Quantum,,https://markets.businessinsider.com ; https://content.edgar-online.com,
co_qolab,company,Qolab,Qolab,美国,北美,"Santa Barbara, CA",,,量子计算,,,,,超导量子计算硬件,运营中,,https://www.noozhawk.com,成立年份(约2024)未直接核实
co_xanadu,company,Xanadu,Xanadu Quantum Technologies,加拿大,北美,Toronto,,,量子计算;量子通信,,,2016,"上市 (2026-03 IPO, 募资约$3.02亿)",光量子计算(光芯片+测量型),运营中,创始人Christian Weedbrook(CEO);学术孵化关系未见直接来源,https://investors.xanadu.ai,
co_nordquantique,company,Nord Quantique,Nord Quantique,加拿大,北美,Sherbrooke,,,量子计算,,,2020,"B轮 (2025-05, $6500万)",玻色编码超导量子比特,运营中,,https://www.fusacq.com,
co_evolutionq,company,evolutionQ,evolutionQ Inc.,加拿大,北美,Waterloo,,,量子通信,,,,,量子风险管理与量子安全咨询服务,运营中,,https://uwaterloo.ca,成立年份未核实
co_quantinuum,company,Quantinuum,Quantinuum,英国,欧洲,(剑桥/美国多地),,,量子计算,,,2021,"$3亿 (2024-01, 投前估值约$50亿);有IPO计划报道",离子阱量子计算机(H2等)与量子软件(Cyberv.Security等),运营中,2021年11月由Honeywell量子解决方案与剑桥量子(CQC)合并而成;Honeywell为控股股东;CQC创始人Ilyas Khan任CEO,https://app.thequantuminsider.com,总部城市未直接核实 ; 剑桥量子的学术孵化渊源未直接核实
co_riverlane,company,Riverlane,Riverlane,英国,欧洲,Cambridge,,,量子计算,,,2016,$7500万 (2024;累计约$1.21亿),"量子纠错堆栈(Deltaflow,量子操作系统)",运营中,,https://cryptorank.io,
co_phasecraft,company,Phasecraft,Phasecraft,英国,欧洲,London / Bristol,,,量子计算,,,2019,"A轮 (2023, £1300万)",近-term量子算法与应用,运营中,,https://www.quantiki.org,
co_qmotion,company,Quantum Motion,Quantum Motion Technologies,英国,欧洲,London,,,量子计算,,,2017,C轮 (2026报道$1.6亿);B轮£4200万 (2022),硅CMOS兼容量子芯片,运营中,,https://www.einpresswire.com,
co_orca,company,ORCA Computing,ORCA Computing,英国,欧洲,London,,,量子计算,,,2019,$1500万 (2022-06;当时累计约£1160万),基于量子存储的光子量子计算与组网,运营中,其他创始人: Richard Murray(CEO)、Joshua Nunn(CSO)、Cristina Escoda,https://tech.eu,
co_oxfordionics,company,Oxford Ionics,Oxford Ionics,英国,欧洲,Oxford,,,量子计算,,,2019,"被收购 (IonQ, $10.7亿, 2025-09-18完成)",芯片化离子阱量子计算,已被IonQ收购 (2025-09),"创始人Chris Ballance与Tom Harty出自牛津离子阱团队(未单列学者节点),并购后加入IonQ",https://finance.yahoo.com ; https://multiples.vc,
co_pasqal,company,Pasqal,Pasqal,法国,欧洲,Paris / Massy,,,量子计算,,,2019,B轮(2023);累计融资超€1.4亿 (2024-05报道),中性原子量子计算,运营中,Quantonation基金联合人Christophe Jurczak亦列为共同创始人,https://www.prnewswire.com ; https://www.pasqal.com,
co_quandela,company,Quandela,Quandela,法国,欧洲,Massy,,,量子计算,,,2017,"A轮 (2023-01, €5000万;累计约$6500万)",量子点确定性单光子源与光子量子计算,运营中,CEO Valérian Giesz亦出自C2N,https://arxiv.org ; https://www.ipvf.fr,
co_alicebob,company,Alice & Bob,Alice & Bob,法国,欧洲,Paris(+Boston),,,量子计算,,,2020,"B轮 (2025-01, €1亿;累计约$1.38亿)",猫比特超导量子计算,运营中,,https://alice-bob.com/newsroom/alice-bob-100m-series-b-fundraising-press-release/,
co_c12,company,C12 Quantum Electronics,C12 Quantum Electronics,法国,欧洲,Paris,,,量子计算,,,2020,"A轮 (2024-06, €1800万)",碳-12碳纳米管自旋量子处理器,运营中,"创始人Matthieu与Pierre Desjardins(兄弟,巴黎综合理工校友;未单列学者节点)",https://techresearchonline.com ; https://quantumcomputingreport.com,
co_planqc,company,planqc,planqc,德国,欧洲,Garching,,,量子计算,,,2022,"A轮 (2024-07, €5000万)",中性原子量子计算,运营中,,https://thequantuminsider.com,成立年份(2021/2022)以2022-06出隐身报道为准
co_eleqtron,company,eleQtron,eleQtron,德国,欧洲,Siegen(创立)/Mülheim,,,量子计算,,,2020,"A轮 (2026-05, €5700万)",MAGIC磁梯度耦合离子阱量子计算,运营中,,https://vestbee.com,
co_hqs,company,HQS Quantum Simulations,HQS Quantum Simulations,德国,欧洲,Karlsruhe,,,量子软件与算法;量子计算,,,,未披露,量子模拟软件(化学/材料),运营中,,https://vestbee.com,"成立年份(约2017)与KIT分拆关系为通行说法,本次未直接核实"
co_aqt,company,Alpine Quantum Technologies (AQT),Alpine Quantum Technologies GmbH,奥地利,欧洲,Innsbruck,,,量子计算,,,2018,EIC等资助;私有,模块化离子阱量子计算机,运营中,,https://www.aqt.eu ; https://www.crunchbase.com,
co_idq,company,ID Quantique,ID Quantique (IDQ),瑞士,欧洲,Carouge / Geneva,,,量子通信,,,2001,SK电讯2018年控股;2025-02 IonQ宣布收购,量子随机数发生器与QKD量子安全加密,2025-02 IonQ宣布收购(此前属SK电讯),,https://iiitl.ac.in ; https://finance.yahoo.com,
co_tq,company,Terra Quantum,Terra Quantum AG,瑞士,欧洲,Rapperswil,,,量子计算,,,2019,"SPAC上市推进中 (2026-04报道, 估值约$32.5-35亿)",量子算法/混合量子云(QMware),运营中,创始人Markus Pflitsch(CEO);与高校的孵化关系未见直接来源,https://www.cohencm.com,
co_qblox,company,Qblox,Qblox,荷兰,欧洲,Delft,,,量子计算,,,,未披露,量子比特测控一体机,运营中,,https://stm.cairn.info,成立年份未核实
co_quantware,company,QuantWare,QuantWare,荷兰,欧洲,Delft,,,量子计算,,,,"报道累计$1.78亿 (2024-09法语文章,待核实)",超导量子处理器(VIO架构)代工,运营中,,https://stm.cairn.info,成立年份未核实 ; 融资规模来源单一
co_qphox,company,QphoX,QphoX,荷兰,欧洲,Delft,,,量子计算,,,,未披露,微波-光量子转换器(量子网络关键器件),运营中,,https://entangledfuture.com,成立年份未核实
co_singlequantum,company,Single Quantum,Single Quantum,荷兰,欧洲,Delft,,,量子计算,,,,未披露,超导纳米线单光子探测器(SNSPD),运营中,,https://stm.cairn.info,成立年份未核实
co_iqm,company,IQM Quantum Computers,IQM Quantum Computers,芬兰,欧洲,Espoo,,,量子计算,,,2018,"B轮扩展 (2025-09, $3.2亿, 估值超€10亿)",超导量子计算机(欧洲头部),运营中,,https://meetiqm.com,
co_sparrow,company,Sparrow Quantum,Sparrow Quantum,丹麦,欧洲,Copenhagen,,,量子计算,,,2022,A轮扩展 (2025-12;A轮系列€2750万),光子量子芯片(确定性单光子源),运营中,,https://sparrowquantum.com,
co_qilimanjaro,company,Qilimanjaro Quantum Tech,Qilimanjaro Quantum Tech,西班牙,欧洲,Barcelona,,,量子计算,,,2019,"种子轮 (2022, $725万)",相干模拟退火+门型全栈量子计算,运营中,,https://link.springer.com,
co_qm,company,Quantum Machines,Quantum Machines,以色列,中东,Tel Aviv,,,量子计算;量子通信,,,2018,"C轮 (2025-02, $1.7亿;累计$2.8亿)",量子测控平台(Quantum Orchestration),运营中,创始人Itamar Sivan、Yonatan Cohen、Nissim Ofek均为物理学博士;与魏茨曼研究所的具体孵化关系未核实,https://techfundingnews.com,
co_qtek,company,科大国盾量子,QuantumCTek,中国,东亚,合肥,,,量子通信;量子计算,,,2009,"上市 (科创板 688027, 2020-07-09, 量子通信第一股)",量子保密通信产品与QKD网络建设,运营中,潘建伟、彭承志等创办,https://news.ustc.edu.cn/zybxgd/info/1005/1205.htm,
co_originq,company,本源量子,Origin Quantum,中国,东亚,合肥,,,量子计算,,,2017,"Pre-IPO (2026-06, 近30亿元, 投后估值近240亿元)",超导量子计算机整机/操作系统本源司南/量子云,运营中,,https://news.mydrivers.com ; https://www.cls.cn ; https://www.21jingji.com,
co_turingq,company,图灵量子,Turing Quantum,中国,东亚,上海,,,量子计算,,,2021,"累计融资超10亿元(2026报道, 估值约70亿元)",光量子芯片与光量子计算(国内首条光子芯片中试线),运营中,,https://finance.sina.com.cn,
co_spinq,company,量旋科技,SpinQ,中国,东亚,深圳,,,量子计算,,,2018,"D轮 (2026-06-30, 10亿元;半年累计20亿元)",桌面核磁共振量子计算机/超导芯片/量子云,运营中,核心团队来自清华、中科大、滑铁卢、华盛顿大学;港科大曾蓓教授任首席科学家,http://c.zhineng.com.cn,
co_huaq,company,华翊量子,HuaYi Quantum (华翊博奥),中国,东亚,北京,,,量子计算,,,2022,A+轮 (2026-06;2025-07 A轮数亿元),离子阱量子计算机(HYQ-B100百比特原型机),运营中,,https://news.qq.com ; https://elsewhere.news,
co_qunasys,company,QunaSys,QunaSys,日本,东亚,东京,,,量子软件与算法,,,2018,私有(未披露),量子化学算法与软件(医药/材料),运营中,其他联合创始人: Yuichiro Minato(CEO)、Koji Azuma(CTO),https://finance.yahoo.com,
co_speqtral,company,SpeQtral,SpeQtral,新加坡,东南亚,新加坡,,,量子通信,,,2018,私有(融资轮次未核实),星载量子密钥分发(QKD)与量子通信,运营中,,https://phys.org ; https://www.cqt.sg,
co_sqc,company,Silicon Quantum Computing,Silicon Quantum Computing (SQC),澳大利亚,大洋洲,悉尼,,,量子计算,,,2017,成立时约A$8300万(UNSW/ Telstra / 联邦银行等创始股东+政府资助),原子级精确硅量子计算,运营中,,https://www.theaustralian.com.au,
co_diraq,company,Diraq,Diraq,澳大利亚,大洋洲,悉尼,,,量子计算,,,2022,"A轮 (2023, $1500万;另获澳政府A$1290万资助)",硅CMOS自旋量子比特,运营中,,https://feeds.transistor.fm,
co_qctrl,company,Q-CTRL,Q-CTRL,澳大利亚,大洋洲,悉尼,,,量子计算,,,2017,B轮 (2023-07累计A$8000万),量子控制与纠错软件(Fire Opal等),运营中,,https://www.smartcompany.com.au,
co_qbrilliance,company,Quantum Brilliance,Quantum Brilliance,澳大利亚,大洋洲,堪培拉(德国斯图加特有分支),,,量子计算;量子传感与测量,,,2019,"A轮 (2024-12, $3000万, 含NRFC $1300万)",金刚石NV室温量子加速器,运营中,另一联合创始人Mark Luo(CEO),https://www.crunchbase.com ; https://alumni.csiro.au,
sch_zeilinger,scholar,安东·泽林格,Anton Zeilinger,奥地利,欧洲,,物理系,,量子通信;量子计算,,诺贝尔物理学奖(2022),,,,,量子隐形传态与贝利不等式实验先驱,https://www.nobelprize.org ; https://physicsworld.com,
sch_peng,scholar,彭承志,Chengzhi Peng,中国,东亚,,(中科院量子信息重点实验室),,量子通信;量子计算,,,,,,,中国科大研究员;国盾量子联合创办人之一;墨子号卫星系统总师(据公开报道),https://news.ustc.edu.cn/zybxgd/info/1005/1205.htm,
uni_sussex,university,萨塞克斯大学,University of Sussex,英国,欧洲,Brighton,,,量子计算,,,,,,,,https://www.sciencedaily.com,
uni_sfu,university,西蒙菲莎大学,Simon Fraser University (SFU),加拿大,北美,Burnaby / Vancouver,,,量子计算;量子通信,,,,,,,,http://www.sfu.ca,
uni_icfo,university,光子科学研究所,ICFO – Institute of Photonic Sciences,西班牙,欧洲,Barcelona,,,量子计算;量子通信;量子传感与测量,,,,,,,,https://quside.com,
uni_sustech,university,南方科技大学(深圳国际量子研究院),Southern University of Science and Technology,中国,东亚,深圳,,,量子计算;量子传感与测量,,,,,,,深圳量子科学与工程研究院(现深圳国际量子研究院)依托建设,https://old.gdkjb.com,
uni_snu,university,首尔国立大学,Seoul National University,韩国,东亚,首尔,,,量子计算;量子通信,,,,,,,,https://arxiv.org,
uni_cas_pma,university,中科院精密测量科学与技术创新研究院,CAS Innovation Academy for Precision Measurement,中国,东亚,武汉,,,量子传感与测量;量子计算,,,,,,,,http://www.qtc.com.cn,
uni_titech,university,东京工业大学(现东京科学大学),Tokyo Institute of Technology,日本,东亚,东京,,,量子计算;量子软件与算法,,,,,,,西森秀稔实验室为量子退火奠基地,https://qbn.world/qbn-member/jij-inc,
uni_tus,university,东京理科大学,Tokyo University of Science,日本,东亚,东京,,,量子计算,,,,,,,,https://www.tus.ac.jp/en/mediarelations/archive/20200414_7612.html,
sch_vazirani,scholar,乌梅什·瓦兹拉尼,Umesh Vazirani,美国,北美,,电气工程与计算机科学系,,量子计算;量子软件与算法,,,,,,,伯克利量子计算中心创始主任,https://vcresearch.berkeley.edu,
sch_harrow,scholar,阿拉姆·哈罗,Aram Harrow,美国,北美,,物理系(理论物理中心),,量子计算;量子软件与算法,,,,,,,HHL算法共同提出者(2009),https://phys.org,
sch_lloyd,scholar,塞思·劳埃德,Seth Lloyd,美国,北美,,机械工程系,,量子计算;量子软件与算法,,,,,,,,https://phys.org,
sch_oliver,scholar,威廉·奥利弗,William Oliver,美国,北美,,电气工程与物理(兼林肯实验室),,量子计算,,,,,,,MIT量子工程中心(CQE)与量子计算中心主任,https://www.ntt-review.jp,
sch_englund,scholar,德克·恩格伦德,Dirk Englund,美国,北美,,电气工程与计算机科学系,,量子计算;量子通信,,,,,,,量子光子学实验室负责人;QuEra联合创始人之一,https://www.ntt-review.jp ; https://finance.yahoo.com,
sch_brandao,scholar,费尔南多·布兰当,Fernando Brandão,美国,北美,,物理系,,量子计算;量子软件与算法,,,,,,,Bren理论物理讲席教授;AWS量子计算中心(CQC)联合负责人(停薪留职),https://www.technology.org,
sch_jiang,scholar,姜梁,Liang Jiang,美国,北美,,普利兹克分子工程学院,,量子计算;量子通信;量子传感与测量,,,,,,,,https://pme.uchicago.edu/directory/liang-jiang,
sch_bernien,scholar,汉内斯·伯尔尼恩,Hannes Bernien,美国,北美,,普利兹克分子工程学院,,量子计算;量子通信,,,,,,,博士(2014)师从汉森(代尔夫特);哈佛博后(卢金组),https://chicagoquantum.org/research-areas/quantum-computing ; https://arxiv.org,
sch_girvin,scholar,史蒂文·吉尔文,Steven Girvin,美国,北美,,应用物理系/物理系,,量子计算,,Sterling讲席教授,,,,,电路量子电动力学(Circuit QED)共同发展者,https://newquantumera.transistor.fm,
sch_hensinger,scholar,温弗里德·亨辛格,Winfried Hensinger,英国,欧洲,,物理与天文系,,量子计算,,,,,,,,https://www.sciencedaily.com,
stu_weidt,student,塞巴斯蒂安·维特,Sebastian Weidt,英国,欧洲,,,萨塞克斯大学研究员(创办时),量子计算,,,,,,,,https://www.sciencedaily.com,
sch_ssimmons,scholar,斯蒂芬妮·西蒙斯,Stephanie Simmons,加拿大,北美,,物理系,,量子计算;量子通信,,,,,,,Photonic Inc.创始人兼首席量子官;硅T中心色心自旋-光子比特,http://www.sfu.ca ; https://optics.org,
sch_ballance,scholar,克里斯·巴兰斯,Chris Ballance,英国,欧洲,,克拉伦登实验室,,量子计算,,,,,,,Oxford Ionics联合创始人兼CEO,https://www.thetimes.com,
stu_harty,student,汤姆·哈蒂,Tom Harty,英国,欧洲,,,牛津大学博士(离子阱团队出身),量子计算,,,,,,,,https://www.thetimes.com,
sch_mitchell,scholar,摩根·米切尔,Morgan Mitchell,西班牙,欧洲,,,,量子通信;量子传感与测量,,,,,,,ICREA研究教授;Quside联合创始人,https://quside.com,
stu_abellan,student,卡洛斯·阿贝连,Carlos Abellán,西班牙,欧洲,,,ICFO博士(光子科学研究所),量子计算,,,,,,,MIT TR35 (2018),https://quside.com,
sch_orus,scholar,罗曼·奥鲁斯,Román Orús,西班牙,欧洲,,,,量子软件与算法;量子计算,,,,,,,Multiverse Computing首席科学官,https://www.hpcwire.com,"其Ikerbasque/DIPC学术任职据公开资料,本次检索未直接核实"
sch_nishimori,scholar,西森秀稔,Hidetoshi Nishimori,日本,东亚,,物理系,,量子软件与算法,,,,,,,量子退火(Quantum Annealing)方法奠基者之一,https://qbn.world/qbn-member/jij-inc,
sch_yu_dp,scholar,俞大鹏,Dapeng Yu,中国,东亚,,物理系(讲席教授),,量子计算;量子材料与器件,,中国科学院院士,,,,,深圳国际量子研究院(原深圳量子科学与工程研究院)院长,https://old.gdkjb.com,
sch_xu_fh,scholar,徐飞虎,Feihu Xu,中国,东亚,,物理学院,,量子通信;量子传感与测量,,,,,,,单光子成像与量子通信(200公里单光子三维成像),https://faculty.ustc.edu.cn ; https://i.ifeng.com,
sch_jeong,scholar,郑炫锡,Hyunseok Jeong,韩国,东亚,,物理天文系,,量子计算;量子软件与算法,,,,,,,宏观量子叠加与量子资源理论研究,https://arxiv.org,
sch_tsai,scholar,蔡兆申,Jaw-Shen Tsai,日本,东亚,,(兼RIKEN宏观量子相干团队),,量子计算,,,,,,,1999年与中村泰信共同实现首个超导量子比特(NEC),https://www.riken.jp/en/about/people/6946/index.html ; https://www.tus.ac.jp/en/mediarelations/archive/20200414_7612.html,
stu_keesling,student,亚历克斯·基斯林,Alex Keesling,美国,北美,,,哈佛大学博士(卢金组;51原子模拟器2017共同作者),量子计算,,,,,,,,https://finance.yahoo.com,
co_universalquantum,company,Universal Quantum,Universal Quantum,英国,欧洲,Brighton,,,量子计算,,,2018,"种子 (2020, $450万);获德国政府€6700万合同 (2022-11)",模块化离子阱量子计算(电连接模块),运营中,,https://www.sciencedaily.com,成立年份有2018(创立)与2020(正式分拆)两种表述
co_photonic,company,Photonic Inc.,Photonic Inc.,加拿大,北美,Burnaby / Vancouver,,,量子计算,,,,"C轮 (2026-05, 超CAD$2.75亿, 估值约CAD$27亿;累计约CAD$3.75亿)","硅自旋-光子量子计算(T中心色心,电信波段);与微软战略合作",运营中,,https://optics.org ; http://www.sfu.ca,成立年份未核实
co_multiverse,company,Multiverse Computing,Multiverse Computing,西班牙,欧洲,San Sebastián,,,量子计算,,,2019,"C轮 (2026报道, $5.7亿, 估值$17亿, Forgepoint领投)",量子与量子启发软件(金融/AI压缩;CompactifAI),运营中,其他创始人: Enrique Lizaso(CEO)、Samuel Mugel、Alfonso Rubio,https://www.hpcwire.com,C轮金额/估值来自二手来源
co_quside,company,Quside,Quside,西班牙,欧洲,Barcelona,,,量子计算,,,2017,"A轮 (2025, €1000万, TRUMPF Venture与Bullnet领投)",光子量子随机数发生器(QRNG)与随机性处理单元,运营中,,https://quside.com,
co_kipu,company,Kipu Quantum,Kipu Quantum,德国,欧洲,Karlsruhe / Berlin,,,量子计算,,,,"种子轮 (2023-12, €1050万, HV Capital与DTCF领投)",硬件感知量子算法与应用(2025年与IonQ宣称工业量子优势),运营中,,https://www.techmonitor.ai,成立年份(约2021)与创始团队学术背景未核实
co_oqs,company,Orange Quantum Systems,OrangeQS,荷兰,欧洲,Delft,,,量子计算,,,2020,私有(获欧盟Quantum SME资助),量子芯片自动化测试/筛选系统,运营中,,https://qutech.h5mag.com,
co_delftcircuits,company,Delft Circuits,Delft Circuits,荷兰,欧洲,Delft,,,量子计算,,,,未披露,柔性低温量子线缆(Cri/oFlex),运营中,,https://qutech.h5mag.com,成立年份与分拆关系未直接核实
co_zhongke,company,中科酷原,Zhongke Kuyuan,中国,东亚,武汉,,,量子计算,,,2020,"战略融资 (2026-01, 近亿元, 中国移动独家投资)",中性原子量子计算(汉原1号/2号)与冷原子重力仪,运营中,,http://www.qtc.com.cn ; https://www.sina.cn,
co_atomionics,company,Atomionics,Atomionics,新加坡,东南亚,新加坡,,,量子计算,,,,"Pre-A轮 (2025-09, $1270万)",冷原子量子重力仪Gravio(矿产勘探),运营中,创始人Sahil Tapiawala(CEO)、Avishek Kumar,https://startuprise.org ; https://e27.co,成立年份未核实;创始团队CQT具体任职未核实
co_jij,company,Jij,Jij Inc.,日本,东亚,东京,,,量子计算,,,,私有/未披露,量子退火/伊辛机优化求解(JijZept等),运营中,CEO 山城由峪(Yu Yamashiro);2025年获EY创新初创奖(量子类别),https://qbn.world/qbn-member/jij-inc ; https://www.j-ij.com/en/news/20250319,
co_qart,company,Quantum Art,Quantum Art Ltd.,以色列,中东,Ness Ziona,,,量子计算,,,,"A轮扩展 (2026-04, 累计$1.4亿)",多核多比特门离子阱量子计算,运营中,创始人Amit Ben-Kish(CTO)与Tal David(CEO),https://finance.yahoo.com ; https://multiples.vc,成立年份(约2022)与创始团队学术渊源未核实
co_qemotion,company,Quantum eMotion,Quantum Emotion Corp.,加拿大,北美,Montreal,,,量子计算,,,,上市 (TSXV: QNC),芯片化量子随机数发生器与量子安全方案,运营中,,https://finance.yahoo.com ; https://www.nasdaq.com,"公司2007年在加拿大注册,量子业务时间未核实;与UNIGE具体授权关系未核实;创始人未核实"
inv_quantonation,investor,Quantonation,Quantonation,法国,欧洲,巴黎,,专注物理/量子技术的早期风险基金,,,,,,,,管理Quantonation I/II(II期2024年首关€2亿);合伙人Jurczak为Pasqal联合创始人,https://www.quantonation.com,
inv_temasek,investor,淡马锡,Temasek,新加坡,东南亚,新加坡,,国家投资公司,,,,,,,,,https://www.pasqal.com ; https://www.psiquantum.com,
inv_blackrock,investor,贝莱德,BlackRock,美国,北美,纽约,,资产管理公司,,,,,,,,,https://www.psiquantum.com,
inv_baillie_gifford,investor,Baillie Gifford,Baillie Gifford,英国,欧洲,爱丁堡,,资产管理公司,,,,,,,,,https://www.psiquantum.com,
inv_bpifrance,investor,法国国家投资银行,Bpifrance,法国,欧洲,巴黎,,国家投资银行(大基金),,,,,,,,,https://www.pasqal.com ; https://alice-bob.com/newsroom/alice-bob-100m-series-b-fundraising-press-release/,
inv_eic_fund,investor,欧洲创新理事会基金,EIC Fund,欧盟,欧洲,布鲁塞尔,,欧盟公共投资基金,,,,,,,,,https://www.pasqal.com ; https://www.crunchbase.com,
inv_waed,investor,Wa'ed Ventures,Wa'ed Ventures,沙特阿拉伯,中东,达兰,,沙特阿美旗下创投,,,,,,,,,https://www.pasqal.com,
inv_softbank,investor,软银,SoftBank,日本,东亚,东京,,风险投资/愿景基金,,,,,,,,,https://finance.yahoo.com,
inv_google,investor,Google(Alphabet),Google,美国,北美,山景城,,企业战略投资,,,,,,,,,https://finance.yahoo.com,
inv_nea,investor,恩颐投资,New Enterprise Associates (NEA),美国,北美,门洛帕克,,风险投资,,,,,,,,,https://www.ionq.com,
inv_octopus,investor,Octopus Ventures,Octopus Ventures,英国,欧洲,伦敦,,风险投资,,,,,,,,,https://www.einpresswire.com,
inv_ngp,investor,NGP Capital,NGP Capital (诺基亚成长基金),美国,北美,帕洛阿尔托,,企业创投(诺基亚旗下),,,,,,,,,https://www.einpresswire.com,
inv_sony_fund,investor,索尼创新基金,Sony Innovation Fund,日本,东亚,东京,,企业创投,,,,,,,,,https://www.einpresswire.com,
inv_psg,investor,PSG Equity,PSG Equity,美国,北美,波士顿,,成长型基金,,,,,,,,,https://techfundingnews.com,
inv_world_fund,investor,World Fund,World Fund,荷兰,欧洲,阿姆斯特丹,,气候科技风险基金,,,,,,,,,https://meetiqm.com,"总部城市据公开资料,本次未直接核实"
inv_draper_esprit,investor,Draper Esprit,Draper Esprit,爱尔兰,欧洲,都柏林,,风险投资(现Elkstone),,,,,,,,,https://cryptorank.io,
inv_cisco,investor,思科投资,Cisco Investments,美国,北美,圣何塞,,企业创投,,,,,,,,,https://www.sec.gov,
inv_main_sequence,investor,Main Sequence Ventures,Main Sequence Ventures,澳大利亚,大洋洲,悉尼,,CSIRO创新基金,,,,,,,,,https://q-ctrl.com ; https://mseq.vc,
inv_blackbird,investor,Blackbird,Blackbird,澳大利亚,大洋洲,悉尼,,风险投资,,,,,,,,,https://q-ctrl.com,
inv_salesforce,investor,Salesforce Ventures,Salesforce Ventures,美国,北美,旧金山,,企业创投,,,,,,,,,https://q-ctrl.com ; https://www.smartcompany.com.au,
inv_airbus_v,investor,Airbus Ventures,Airbus Ventures,美国,北美,门洛帕克,,企业创投(空客旗下),,,,,,,,,https://q-ctrl.com,
inv_planet_first,investor,Planet First Partners,Planet First Partners,英国,欧洲,伦敦,,可持续增长基金,,,,,,,,,https://optics.org,
inv_ffc,investor,Future French Champions,Future French Champions (FFC),法国,欧洲,巴黎,,卡塔尔投资局与法国国家合资基金,,,,,,,,,https://alice-bob.com/newsroom/alice-bob-100m-series-b-fundraising-press-release/,
inv_avp,investor,AXA Venture Partners,AXA Venture Partners (AVP),法国,欧洲,巴黎,,保险系创投,,,,,,,,,https://alice-bob.com/newsroom/alice-bob-100m-series-b-fundraising-press-release/,
inv_honeywell,investor,霍尼韦尔,Honeywell,美国,北美,夏洛特,,企业战略控股,,,,,,,,,https://app.thequantuminsider.com,
inv_ciif,investor,中国互联网投资基金,China Internet Investment Fund,中国,东亚,北京,,国家级产业基金,,,,,,,,,https://news.mydrivers.com,
inv_szvc,investor,深创投(红土基金),Shenzhen Capital Group,中国,东亚,深圳,,国有风险投资,,,,,,,,,https://www.cls.cn,
inv_chinamobile,investor,中国移动,China Mobile,中国,东亚,北京,,电信运营商战略投资,,,,,,,,,http://www.qtc.com.cn ; https://www.sina.cn,
inv_cicc_cap,investor,中金资本,CICC Capital,中国,东亚,北京,,券商系私募股权,,,,,,,,,http://c.zhineng.com.cn,
inv_shengshi,investor,盛世投资,Shengshi Investment,中国,东亚,北京,,母基金/资产管理,,,,,,,,领投图灵量子战略轮,https://finance.sina.com.cn,英文名未核实
inv_szhg,investor,深圳高新投,Shenzhen Hi-tech Investment,中国,东亚,深圳,,国有担保与投资,,,,,,,,,http://c.zhineng.com.cn,
inv_forgepoint,investor,Forgepoint Capital,Forgepoint Capital,美国,北美,圣马特奥,,网络安全风投,,,,,,,,,https://www.hpcwire.com,
inv_uvc,investor,UVC Partners,UVC Partners,德国,欧洲,慕尼黑,,早期深科技基金,,,,,,,,,https://thequantuminsider.com,
inv_2xn,investor,2xN,2xN,丹麦,欧洲,哥本哈根,,量子领域风险基金,,,,,,,,,https://sparrowquantum.com,
inv_churchill,investor,Churchill Capital Corp X,Churchill Capital Corp X,美国,北美,纽约,,SPAC上市工具,,,,,,,,,https://www.stocktitan.net,
inv_telstra,investor,澳大利亚电信,Telstra,澳大利亚,大洋洲,墨尔本,,电信运营商,,,,,,,,,https://www.theaustralian.com.au,
inv_cba,investor,澳大利亚联邦银行,Commonwealth Bank of Australia,澳大利亚,大洋洲,悉尼,,银行战略投资,,,,,,,,,https://www.theaustralian.com.au,
